y,x,val
0.0000,0.0000,-35.1965
0.0000,46.5116,-35.1557
0.0000,93.0233,-34.4754
0.0000,139.5349,-33.3432
0.0000,186.0465,-31.8922
0.0000,232.5581,-30.3300
0.0000,279.0698,-28.8715
0.0000,325.5814,-27.6192
0.0000,372.0930,-26.5671
0.0000,418.6047,-25.7793
0.0000,465.1163,-25.2962
0.0000,511.6279,-25.0086
0.0000,558.1395,-24.8309
0.0000,604.6512,-24.6791
0.0000,651.1628,-24.5245
0.0000,697.6744,-24.3444
0.0000,744.1860,-24.0874
0.0000,790.6977,-23.7713
0.0000,837.2093,-23.4518
0.0000,883.7209,-23.1729
0.0000,930.2326,-22.9388
0.0000,976.7442,-22.7776
0.0000,1023.2558,-22.7202
0.0000,1069.7674,-22.7214
0.0000,1116.2791,-22.7447
0.0000,1162.7907,-22.7783
0.0000,1209.3023,-22.7986
0.0000,1255.8140,-22.7709
0.0000,1302.3256,-22.6853
0.0000,1348.8372,-22.6150
0.0000,1395.3488,-22.6039
0.0000,1441.8605,-22.6825
0.0000,1488.3721,-22.9204
0.0000,1534.8837,-23.4100
0.0000,1581.3953,-24.2776
0.0000,1627.9070,-25.4735
0.0000,1674.4186,-26.9483
0.0000,1720.9302,-28.7545
0.0000,1767.4419,-30.8001
0.0000,1813.9535,-32.8340
0.0000,1860.4651,-34.5813
0.0000,1906.9767,-35.8507
0.0000,1953.4884,-36.3926
0.0000,2000.0000,-36.3926
40.0000,0.0000,-30.7207
40.0000,46.5116,-30.7022
40.0000,93.0233,-30.0012
40.0000,139.5349,-28.8721
40.0000,186.0465,-27.4366
40.0000,232.5581,-25.8881
40.0000,279.0698,-24.4949
40.0000,325.5814,-23.3112
40.0000,372.0930,-22.2887
40.0000,418.6047,-21.5352
40.0000,465.1163,-21.0769
40.0000,511.6279,-20.8009
40.0000,558.1395,-20.6378
40.0000,604.6512,-20.4908
40.0000,651.1628,-20.3455
40.0000,697.6744,-20.1951
40.0000,744.1860,-19.9478
40.0000,790.6977,-19.6284
40.0000,837.2093,-19.3153
40.0000,883.7209,-19.0349
40.0000,930.2326,-18.7920
40.0000,976.7442,-18.6267
40.0000,1023.2558,-18.5711
40.0000,1069.7674,-18.5752
40.0000,1116.2791,-18.5939
40.0000,1162.7907,-18.6047
40.0000,1209.3023,-18.6125
40.0000,1255.8140,-18.5662
40.0000,1302.3256,-18.4392
40.0000,1348.8372,-18.3501
40.0000,1395.3488,-18.3359
40.0000,1441.8605,-18.4006
40.0000,1488.3721,-18.6189
40.0000,1534.8837,-19.0722
40.0000,1581.3953,-19.8888
40.0000,1627.9070,-21.0270
40.0000,1674.4186,-22.3874
40.0000,1720.9302,-24.0734
40.0000,1767.4419,-26.0708
40.0000,1813.9535,-28.0680
40.0000,1860.4651,-29.7721
40.0000,1906.9767,-31.0263
40.0000,1953.4884,-31.5111
40.0000,2000.0000,-31.5111
80.0000,0.0000,-25.7870
80.0000,46.5116,-25.7916
80.0000,93.0233,-25.2036
80.0000,139.5349,-24.1953
80.0000,186.0465,-22.9656
80.0000,232.5581,-21.7096
80.0000,279.0698,-20.5534
80.0000,325.5814,-19.5474
80.0000,372.0930,-18.7200
80.0000,418.6047,-18.0858
80.0000,465.1163,-17.6280
80.0000,511.6279,-17.3323
80.0000,558.1395,-17.1585
80.0000,604.6512,-17.0208
80.0000,651.1628,-16.9231
80.0000,697.6744,-16.8242
80.0000,744.1860,-16.6280
80.0000,790.6977,-16.3879
80.0000,837.2093,-16.1343
80.0000,883.7209,-15.8719
80.0000,930.2326,-15.6548
80.0000,976.7442,-15.5140
80.0000,1023.2558,-15.4561
80.0000,1069.7674,-15.4599
80.0000,1116.2791,-15.4800
80.0000,1162.7907,-15.4438
80.0000,1209.3023,-15.3909
80.0000,1255.8140,-15.3148
80.0000,1302.3256,-15.1618
80.0000,1348.8372,-15.0667
80.0000,1395.3488,-15.0817
80.0000,1441.8605,-15.1851
80.0000,1488.3721,-15.4549
80.0000,1534.8837,-15.9273
80.0000,1581.3953,-16.6176
80.0000,1627.9070,-17.5386
80.0000,1674.4186,-18.6862
80.0000,1720.9302,-20.0580
80.0000,1767.4419,-21.6771
80.0000,1813.9535,-23.3860
80.0000,1860.4651,-24.8470
80.0000,1906.9767,-25.8628
80.0000,1953.4884,-26.2546
80.0000,2000.0000,-26.2546
120.0000,0.0000,-20.5593
120.0000,46.5116,-20.5688
120.0000,93.0233,-20.1664
120.0000,139.5349,-19.4324
120.0000,186.0465,-18.5739
120.0000,232.5581,-17.7587
120.0000,279.0698,-16.9605
120.0000,325.5814,-16.2593
120.0000,372.0930,-15.7079
120.0000,418.6047,-15.2288
120.0000,465.1163,-14.8142
120.0000,511.6279,-14.5086
120.0000,558.1395,-14.3138
120.0000,604.6512,-14.2076
120.0000,651.1628,-14.1757
120.0000,697.6744,-14.1438
120.0000,744.1860,-14.0451
120.0000,790.6977,-13.9214
120.0000,837.2093,-13.7514
120.0000,883.7209,-13.5519
120.0000,930.2326,-13.3837
120.0000,976.7442,-13.2691
120.0000,1023.2558,-13.2318
120.0000,1069.7674,-13.2362
120.0000,1116.2791,-13.2381
120.0000,1162.7907,-13.1625
120.0000,1209.3023,-13.0405
120.0000,1255.8140,-12.9144
120.0000,1302.3256,-12.7593
120.0000,1348.8372,-12.6705
120.0000,1395.3488,-12.7127
120.0000,1441.8605,-12.8949
120.0000,1488.3721,-13.2295
120.0000,1534.8837,-13.6942
120.0000,1581.3953,-14.2417
120.0000,1627.9070,-14.8751
120.0000,1674.4186,-15.6838
120.0000,1720.9302,-16.6377
120.0000,1767.4419,-17.6861
120.0000,1813.9535,-18.8412
120.0000,1860.4651,-19.8360
120.0000,1906.9767,-20.4951
120.0000,1953.4884,-20.7951
120.0000,2000.0000,-20.7951
160.0000,0.0000,-15.2505
160.0000,46.5116,-15.2707
160.0000,93.0233,-15.0621
160.0000,139.5349,-14.7172
160.0000,186.0465,-14.3444
160.0000,232.5581,-13.9835
160.0000,279.0698,-13.6407
160.0000,325.5814,-13.3358
160.0000,372.0930,-13.0499
160.0000,418.6047,-12.7557
160.0000,465.1163,-12.4452
160.0000,511.6279,-12.1755
160.0000,558.1395,-11.9964
160.0000,604.6512,-11.9379
160.0000,651.1628,-11.9701
160.0000,697.6744,-12.0382
160.0000,744.1860,-12.0633
160.0000,790.6977,-12.0456
160.0000,837.2093,-11.9801
160.0000,883.7209,-11.8747
160.0000,930.2326,-11.7651
160.0000,976.7442,-11.6868
160.0000,1023.2558,-11.6831
160.0000,1069.7674,-11.6953
160.0000,1116.2791,-11.6727
160.0000,1162.7907,-11.5611
160.0000,1209.3023,-11.4007
160.0000,1255.8140,-11.2284
160.0000,1302.3256,-11.0606
160.0000,1348.8372,-10.9868
160.0000,1395.3488,-11.0600
160.0000,1441.8605,-11.3029
160.0000,1488.3721,-11.6609
160.0000,1534.8837,-12.0669
160.0000,1581.3953,-12.4593
160.0000,1627.9070,-12.8329
160.0000,1674.4186,-13.2193
160.0000,1720.9302,-13.6452
160.0000,1767.4419,-14.0750
160.0000,1813.9535,-14.4930
160.0000,1860.4651,-14.8543
160.0000,1906.9767,-15.1452
160.0000,1953.4884,-15.3400
160.0000,2000.0000,-15.3400
200.0000,0.0000,-10.0552
200.0000,46.5116,-10.0913
200.0000,93.0233,-10.0927
200.0000,139.5349,-10.1553
200.0000,186.0465,-10.2843
200.0000,232.5581,-10.3989
200.0000,279.0698,-10.5250
200.0000,325.5814,-10.6265
200.0000,372.0930,-10.6101
200.0000,418.6047,-10.5004
200.0000,465.1163,-10.3356
200.0000,511.6279,-10.1479
200.0000,558.1395,-10.0296
200.0000,604.6512,-10.0350
200.0000,651.1628,-10.1490
200.0000,697.6744,-10.3383
200.0000,744.1860,-10.4876
200.0000,790.6977,-10.5756
200.0000,837.2093,-10.6130
200.0000,883.7209,-10.6093
200.0000,930.2326,-10.5657
200.0000,976.7442,-10.5286
200.0000,1023.2558,-10.5700
200.0000,1069.7674,-10.5989
200.0000,1116.2791,-10.5620
200.0000,1162.7907,-10.4270
200.0000,1209.3023,-10.2432
200.0000,1255.8140,-10.0418
200.0000,1302.3256,-9.8442
200.0000,1348.8372,-9.7733
200.0000,1395.3488,-9.8680
200.0000,1441.8605,-10.1323
200.0000,1488.3721,-10.4704
200.0000,1534.8837,-10.7770
200.0000,1581.3953,-11.0265
200.0000,1627.9070,-11.1425
200.0000,1674.4186,-11.0962
200.0000,1720.9302,-10.9532
200.0000,1767.4419,-10.7124
200.0000,1813.9535,-10.3486
200.0000,1860.4651,-10.0488
200.0000,1906.9767,-9.9556
200.0000,1953.4884,-10.0461
200.0000,2000.0000,-10.0461
240.0000,0.0000,-5.1611
240.0000,46.5116,-5.2224
240.0000,93.0233,-5.4445
240.0000,139.5349,-5.8552
240.0000,186.0465,-6.4254
240.0000,232.5581,-7.0209
240.0000,279.0698,-7.5577
240.0000,325.5814,-8.0008
240.0000,372.0930,-8.2452
240.0000,418.6047,-8.3023
240.0000,465.1163,-8.2999
240.0000,511.6279,-8.2652
240.0000,558.1395,-8.2527
240.0000,604.6512,-8.3462
240.0000,651.1628,-8.5739
240.0000,697.6744,-8.8808
240.0000,744.1860,-9.1327
240.0000,790.6977,-9.3182
240.0000,837.2093,-9.4417
240.0000,883.7209,-9.5279
240.0000,930.2326,-9.5536
240.0000,976.7442,-9.5593
240.0000,1023.2558,-9.6520
240.0000,1069.7674,-9.7150
240.0000,1116.2791,-9.6851
240.0000,1162.7907,-9.5481
240.0000,1209.3023,-9.3603
240.0000,1255.8140,-9.1506
240.0000,1302.3256,-8.9175
240.0000,1348.8372,-8.8141
240.0000,1395.3488,-8.8978
240.0000,1441.8605,-9.1298
240.0000,1488.3721,-9.3738
240.0000,1534.8837,-9.5595
240.0000,1581.3953,-9.6873
240.0000,1627.9070,-9.5676
240.0000,1674.4186,-9.1339
240.0000,1720.9302,-8.4372
240.0000,1767.4419,-7.4805
240.0000,1813.9535,-6.4181
240.0000,1860.4651,-5.5576
240.0000,1906.9767,-5.0812
240.0000,1953.4884,-5.0676
240.0000,2000.0000,-5.0676
280.0000,0.0000,-0.7445
280.0000,46.5116,-0.8602
280.0000,93.0233,-1.2726
280.0000,139.5349,-1.9352
280.0000,186.0465,-2.8509
280.0000,232.5581,-3.8427
280.0000,279.0698,-4.7108
280.0000,325.5814,-5.3882
280.0000,372.0930,-5.8475
280.0000,418.6047,-6.0831
280.0000,465.1163,-6.2274
280.0000,511.6279,-6.3623
280.0000,558.1395,-6.5024
280.0000,604.6512,-6.7309
280.0000,651.1628,-7.0839
280.0000,697.6744,-7.4847
280.0000,744.1860,-7.8201
280.0000,790.6977,-8.0909
280.0000,837.2093,-8.2920
280.0000,883.7209,-8.4402
280.0000,930.2326,-8.5310
280.0000,976.7442,-8.5961
280.0000,1023.2558,-8.7271
280.0000,1069.7674,-8.8294
280.0000,1116.2791,-8.8336
280.0000,1162.7907,-8.7146
280.0000,1209.3023,-8.5320
280.0000,1255.8140,-8.3143
280.0000,1302.3256,-8.0614
280.0000,1348.8372,-7.9034
280.0000,1395.3488,-7.9145
280.0000,1441.8605,-8.0497
280.0000,1488.3721,-8.1782
280.0000,1534.8837,-8.2636
280.0000,1581.3953,-8.2495
280.0000,1627.9070,-7.9127
280.0000,1674.4186,-7.1566
280.0000,1720.9302,-5.9312
280.0000,1767.4419,-4.3544
280.0000,1813.9535,-2.7639
280.0000,1860.4651,-1.5016
280.0000,1906.9767,-0.7047
280.0000,1953.4884,-0.5593
280.0000,2000.0000,-0.5593
320.0000,0.0000,3.0579
320.0000,46.5116,2.8858
320.0000,93.0233,2.3465
320.0000,139.5349,1.4981
320.0000,186.0465,0.3445
320.0000,232.5581,-0.8743
320.0000,279.0698,-1.9592
320.0000,325.5814,-2.8026
320.0000,372.0930,-3.4004
320.0000,418.6047,-3.7830
320.0000,465.1163,-4.0627
320.0000,511.6279,-4.3309
320.0000,558.1395,-4.6393
320.0000,604.6512,-5.0324
320.0000,651.1628,-5.4997
320.0000,697.6744,-5.9856
320.0000,744.1860,-6.3991
320.0000,790.6977,-6.7386
320.0000,837.2093,-7.0046
320.0000,883.7209,-7.2119
320.0000,930.2326,-7.3580
320.0000,976.7442,-7.4756
320.0000,1023.2558,-7.6447
320.0000,1069.7674,-7.7781
320.0000,1116.2791,-7.8146
320.0000,1162.7907,-7.7218
320.0000,1209.3023,-7.5450
320.0000,1255.8140,-7.3115
320.0000,1302.3256,-7.0341
320.0000,1348.8372,-6.8150
320.0000,1395.3488,-6.7082
320.0000,1441.8605,-6.7232
320.0000,1488.3721,-6.7673
320.0000,1534.8837,-6.7606
320.0000,1581.3953,-6.6106
320.0000,1627.9070,-6.0645
320.0000,1674.4186,-4.9902
320.0000,1720.9302,-3.3541
320.0000,1767.4419,-1.3918
320.0000,1813.9535,0.5560
320.0000,1860.4651,2.0952
320.0000,1906.9767,3.0961
320.0000,1953.4884,3.3593
320.0000,2000.0000,3.3593
360.0000,0.0000,6.2099
360.0000,46.5116,6.0038
360.0000,93.0233,5.3801
360.0000,139.5349,4.4131
360.0000,186.0465,3.1360
360.0000,232.5581,1.8178
360.0000,279.0698,0.6531
360.0000,325.5814,-0.2840
360.0000,372.0930,-0.9533
360.0000,418.6047,-1.4025
360.0000,465.1163,-1.7709
360.0000,511.6279,-2.1348
360.0000,558.1395,-2.5713
360.0000,604.6512,-3.1115
360.0000,651.1628,-3.6813
360.0000,697.6744,-4.2430
360.0000,744.1860,-4.7378
360.0000,790.6977,-5.1428
360.0000,837.2093,-5.4636
360.0000,883.7209,-5.7421
360.0000,930.2326,-5.9406
360.0000,976.7442,-6.0893
360.0000,1023.2558,-6.2909
360.0000,1069.7674,-6.4363
360.0000,1116.2791,-6.4723
360.0000,1162.7907,-6.3921
360.0000,1209.3023,-6.2071
360.0000,1255.8140,-5.9403
360.0000,1302.3256,-5.6315
360.0000,1348.8372,-5.3476
360.0000,1395.3488,-5.1241
360.0000,1441.8605,-5.0560
360.0000,1488.3721,-5.0426
360.0000,1534.8837,-4.9668
360.0000,1581.3953,-4.7198
360.0000,1627.9070,-3.9799
360.0000,1674.4186,-2.6084
360.0000,1720.9302,-0.7475
360.0000,1767.4419,1.4115
360.0000,1813.9535,3.5445
360.0000,1860.4651,5.2385
360.0000,1906.9767,6.3592
360.0000,1953.4884,6.6911
360.0000,2000.0000,6.6911
400.0000,0.0000,8.6945
400.0000,46.5116,8.4701
400.0000,93.0233,7.7992
400.0000,139.5349,6.7906
400.0000,186.0465,5.5102
400.0000,232.5581,4.2377
400.0000,279.0698,3.1192
400.0000,325.5814,2.1719
400.0000,372.0930,1.4988
400.0000,418.6047,1.0579
400.0000,465.1163,0.6609
400.0000,511.6279,0.2491
400.0000,558.1395,-0.2388
400.0000,604.6512,-0.8632
400.0000,651.1628,-1.5195
400.0000,697.6744,-2.1443
400.0000,744.1860,-2.7145
400.0000,790.6977,-3.1855
400.0000,837.2093,-3.5643
400.0000,883.7209,-3.9240
400.0000,930.2326,-4.1758
400.0000,976.7442,-4.3400
400.0000,1023.2558,-4.5536
400.0000,1069.7674,-4.6793
400.0000,1116.2791,-4.6719
400.0000,1162.7907,-4.5685
400.0000,1209.3023,-4.3493
400.0000,1255.8140,-4.0383
400.0000,1302.3256,-3.6928
400.0000,1348.8372,-3.3351
400.0000,1395.3488,-3.0430
400.0000,1441.8605,-2.9617
400.0000,1488.3721,-2.9261
400.0000,1534.8837,-2.7939
400.0000,1581.3953,-2.4515
400.0000,1627.9070,-1.5045
400.0000,1674.4186,0.0760
400.0000,1720.9302,1.9527
400.0000,1767.4419,4.0741
400.0000,1813.9535,6.2072
400.0000,1860.4651,7.9276
400.0000,1906.9767,9.0848
400.0000,1953.4884,9.4433
400.0000,2000.0000,9.4433
440.0000,0.0000,10.5090
440.0000,46.5116,10.2741
440.0000,93.0233,9.6041
440.0000,139.5349,8.6411
440.0000,186.0465,7.4767
440.0000,232.5581,6.3497
440.0000,279.0698,5.3569
440.0000,325.5814,4.5178
440.0000,372.0930,3.9150
440.0000,418.6047,3.5211
440.0000,465.1163,3.1716
440.0000,511.6279,2.7867
440.0000,558.1395,2.3254
440.0000,604.6512,1.7251
440.0000,651.1628,1.0333
440.0000,697.6744,0.3401
440.0000,744.1860,-0.2774
440.0000,790.6977,-0.8221
440.0000,837.2093,-1.2967
440.0000,883.7209,-1.7243
440.0000,930.2326,-2.0289
440.0000,976.7442,-2.2174
440.0000,1023.2558,-2.3923
440.0000,1069.7674,-2.4571
440.0000,1116.2791,-2.3762
440.0000,1162.7907,-2.1743
440.0000,1209.3023,-1.8871
440.0000,1255.8140,-1.5418
440.0000,1302.3256,-1.1326
440.0000,1348.8372,-0.7426
440.0000,1395.3488,-0.4875
440.0000,1441.8605,-0.4487
440.0000,1488.3721,-0.4216
440.0000,1534.8837,-0.2438
440.0000,1581.3953,0.2649
440.0000,1627.9070,1.3481
440.0000,1674.4186,2.9162
440.0000,1720.9302,4.6762
440.0000,1767.4419,6.5973
440.0000,1813.9535,8.5410
440.0000,1860.4651,10.1583
440.0000,1906.9767,11.2679
440.0000,1953.4884,11.6180
440.0000,2000.0000,11.6180
480.0000,0.0000,11.6705
480.0000,46.5116,11.4381
480.0000,93.0233,10.8268
480.0000,139.5349,9.9926
480.0000,186.0465,9.0170
480.0000,232.5581,8.0879
480.0000,279.0698,7.2997
480.0000,325.5814,6.6431
480.0000,372.0930,6.1763
480.0000,418.6047,5.8874
480.0000,465.1163,5.6526
480.0000,511.6279,5.3818
480.0000,558.1395,5.0331
480.0000,604.6512,4.5493
480.0000,651.1628,3.9080
480.0000,697.6744,3.1858
480.0000,744.1860,2.5200
480.0000,790.6977,1.8909
480.0000,837.2093,1.3048
480.0000,883.7209,0.7931
480.0000,930.2326,0.4384
480.0000,976.7442,0.2466
480.0000,1023.2558,0.1402
480.0000,1069.7674,0.1811
480.0000,1116.2791,0.3968
480.0000,1162.7907,0.7498
480.0000,1209.3023,1.1402
480.0000,1255.8140,1.5440
480.0000,1302.3256,1.9868
480.0000,1348.8372,2.3165
480.0000,1395.3488,2.4478
480.0000,1441.8605,2.3930
480.0000,1488.3721,2.4011
480.0000,1534.8837,2.6506
480.0000,1581.3953,3.2818
480.0000,1627.9070,4.3570
480.0000,1674.4186,5.7663
480.0000,1720.9302,7.2733
480.0000,1767.4419,8.9041
480.0000,1813.9535,10.5396
480.0000,1860.4651,11.9247
480.0000,1906.9767,12.9040
480.0000,1953.4884,13.2150
480.0000,2000.0000,13.2150
520.0000,0.0000,12.2295
520.0000,46.5116,12.0138
520.0000,93.0233,11.4998
520.0000,139.5349,10.8485
520.0000,186.0465,10.0952
520.0000,232.5581,9.4098
520.0000,279.0698,8.8845
520.0000,325.5814,8.4390
520.0000,372.0930,8.1418
520.0000,418.6047,8.0146
520.0000,465.1163,7.9603
520.0000,511.6279,7.8633
520.0000,558.1395,7.7008
520.0000,604.6512,7.4263
520.0000,651.1628,6.9149
520.0000,697.6744,6.2286
520.0000,744.1860,5.5250
520.0000,790.6977,4.8141
520.0000,837.2093,4.1151
520.0000,883.7209,3.5001
520.0000,930.2326,3.0996
520.0000,976.7442,2.9344
520.0000,1023.2558,2.9216
520.0000,1069.7674,3.1073
520.0000,1116.2791,3.5178
520.0000,1162.7907,4.0562
520.0000,1209.3023,4.5693
520.0000,1255.8140,5.0387
520.0000,1302.3256,5.4508
520.0000,1348.8372,5.6457
520.0000,1395.3488,5.5749
520.0000,1441.8605,5.3876
520.0000,1488.3721,5.3713
520.0000,1534.8837,5.6852
520.0000,1581.3953,6.3229
520.0000,1627.9070,7.2919
520.0000,1674.4186,8.4603
520.0000,1720.9302,9.6054
520.0000,1767.4419,10.8633
520.0000,1813.9535,12.1325
520.0000,1860.4651,13.1985
520.0000,1906.9767,13.9871
520.0000,1953.4884,14.2377
520.0000,2000.0000,14.2377
560.0000,0.0000,12.2551
560.0000,46.5116,12.0714
560.0000,93.0233,11.6977
560.0000,139.5349,11.2546
560.0000,186.0465,10.7437
560.0000,232.5581,10.3510
560.0000,279.0698,10.1009
560.0000,325.5814,9.8560
560.0000,372.0930,9.7355
560.0000,418.6047,9.7716
560.0000,465.1163,9.9150
560.0000,511.6279,10.0461
560.0000,558.1395,10.1034
560.0000,604.6512,10.0994
560.0000,651.1628,9.8299
560.0000,697.6744,9.2696
560.0000,744.1860,8.5737
560.0000,790.6977,7.7913
560.0000,837.2093,7.0014
560.0000,883.7209,6.2988
560.0000,930.2326,5.8593
560.0000,976.7442,5.7328
560.0000,1023.2558,5.8361
560.0000,1069.7674,6.2176
560.0000,1116.2791,6.8318
560.0000,1162.7907,7.5502
560.0000,1209.3023,8.2109
560.0000,1255.8140,8.7090
560.0000,1302.3256,8.9966
560.0000,1348.8372,8.9560
560.0000,1395.3488,8.6599
560.0000,1441.8605,8.3640
560.0000,1488.3721,8.3601
560.0000,1534.8837,8.7075
560.0000,1581.3953,9.2468
560.0000,1627.9070,10.0127
560.0000,1674.4186,10.8951
560.0000,1720.9302,11.6260
560.0000,1767.4419,12.4281
560.0000,1813.9535,13.2970
560.0000,1860.4651,14.0041
560.0000,1906.9767,14.5370
560.0000,1953.4884,14.7046
560.0000,2000.0000,14.7046
600.0000,0.0000,11.8293
600.0000,46.5116,11.7020
600.0000,93.0233,11.4816
600.0000,139.5349,11.2437
600.0000,186.0465,11.0137
600.0000,232.5581,10.9150
600.0000,279.0698,10.9031
600.0000,325.5814,10.8568
600.0000,372.0930,10.8997
600.0000,418.6047,11.0738
600.0000,465.1163,11.3885
600.0000,511.6279,11.7534
600.0000,558.1395,12.0634
600.0000,604.6512,12.3427
600.0000,651.1628,12.3714
600.0000,697.6744,12.0420
600.0000,744.1860,11.4387
600.0000,790.6977,10.6409
600.0000,837.2093,9.7922
600.0000,883.7209,9.0595
600.0000,930.2326,8.6053
600.0000,976.7442,8.5112
600.0000,1023.2558,8.7660
600.0000,1069.7674,9.3444
600.0000,1116.2791,10.1282
600.0000,1162.7907,11.0069
600.0000,1209.3023,11.7620
600.0000,1255.8140,12.2044
600.0000,1302.3256,12.2691
600.0000,1348.8372,11.9697
600.0000,1395.3488,11.5031
600.0000,1441.8605,11.1583
600.0000,1488.3721,11.1620
600.0000,1534.8837,11.4530
600.0000,1581.3953,11.8516
600.0000,1627.9070,12.3646
600.0000,1674.4186,12.9089
600.0000,1720.9302,13.2393
600.0000,1767.4419,13.5663
600.0000,1813.9535,13.9804
600.0000,1860.4651,14.3372
600.0000,1906.9767,14.5989
600.0000,1953.4884,14.6484
600.0000,2000.0000,14.6484
640.0000,0.0000,11.0337
640.0000,46.5116,10.9656
640.0000,93.0233,10.8873
640.0000,139.5349,10.8703
640.0000,186.0465,10.9148
640.0000,232.5581,11.0642
640.0000,279.0698,11.2709
640.0000,325.5814,11.4021
640.0000,372.0930,11.5714
640.0000,418.6047,11.8524
640.0000,465.1163,12.2973
640.0000,511.6279,12.8438
640.0000,558.1395,13.4074
640.0000,604.6512,13.9884
640.0000,651.1628,14.3006
640.0000,697.6744,14.2398
640.0000,744.1860,13.8475
640.0000,790.6977,13.1433
640.0000,837.2093,12.2970
640.0000,883.7209,11.5727
640.0000,930.2326,11.1487
640.0000,976.7442,11.1283
640.0000,1023.2558,11.5202
640.0000,1069.7674,12.2352
640.0000,1116.2791,13.1592
640.0000,1162.7907,14.1474
640.0000,1209.3023,14.8558
640.0000,1255.8140,15.1126
640.0000,1302.3256,14.9467
640.0000,1348.8372,14.4499
640.0000,1395.3488,13.8430
640.0000,1441.8605,13.4927
640.0000,1488.3721,13.4838
640.0000,1534.8837,13.6828
640.0000,1581.3953,13.9118
640.0000,1627.9070,14.1699
640.0000,1674.4186,14.3652
640.0000,1720.9302,14.2945
640.0000,1767.4419,14.1916
640.0000,1813.9535,14.1576
640.0000,1860.4651,14.1523
640.0000,1906.9767,14.1694
640.0000,1953.4884,14.1013
640.0000,2000.0000,14.1013
680.0000,0.0000,9.9161
680.0000,46.5116,9.8898
680.0000,93.0233,9.9465
680.0000,139.5349,10.1472
680.0000,186.0465,10.4231
680.0000,232.5581,10.7864
680.0000,279.0698,11.1887
680.0000,325.5814,11.4555
680.0000,372.0930,11.7077
680.0000,418.6047,12.0429
680.0000,465.1163,12.5376
680.0000,511.6279,13.1631
680.0000,558.1395,13.9090
680.0000,604.6512,14.8208
680.0000,651.1628,15.4080
680.0000,697.6744,15.5946
680.0000,744.1860,15.5329
680.0000,790.6977,15.0253
680.0000,837.2093,14.2527
680.0000,883.7209,13.5830
680.0000,930.2326,13.2390
680.0000,976.7442,13.3381
680.0000,1023.2558,13.8177
680.0000,1069.7674,14.5996
680.0000,1116.2791,15.5910
680.0000,1162.7907,16.6056
680.0000,1209.3023,17.1456
680.0000,1255.8140,17.0821
680.0000,1302.3256,16.7573
680.0000,1348.8372,16.1395
680.0000,1395.3488,15.4432
680.0000,1441.8605,15.1229
680.0000,1488.3721,15.0835
680.0000,1534.8837,15.1825
680.0000,1581.3953,15.2357
680.0000,1627.9070,15.2488
680.0000,1674.4186,15.1243
680.0000,1720.9302,14.6717
680.0000,1767.4419,14.1801
680.0000,1813.9535,13.7575
680.0000,1860.4651,13.4071
680.0000,1906.9767,13.2013
680.0000,1953.4884,13.0486
680.0000,2000.0000,13.0486
720.0000,0.0000,8.5494
720.0000,46.5116,8.5563
720.0000,93.0233,8.7532
720.0000,139.5349,9.1374
720.0000,186.0465,9.5875
720.0000,232.5581,10.1324
720.0000,279.0698,10.6821
720.0000,325.5814,11.0246
720.0000,372.0930,11.3059
720.0000,418.6047,11.6286
720.0000,465.1163,12.0735
720.0000,511.6279,12.6316
720.0000,558.1395,13.3804
720.0000,604.6512,14.5196
720.0000,651.1628,15.3670
720.0000,697.6744,15.7725
720.0000,744.1860,16.1113
720.0000,790.6977,15.9795
720.0000,837.2093,15.4115
720.0000,883.7209,14.9020
720.0000,930.2326,14.7270
720.0000,976.7442,14.9529
720.0000,1023.2558,15.4398
720.0000,1069.7674,16.1826
720.0000,1116.2791,17.0712
720.0000,1162.7907,17.9159
720.0000,1209.3023,18.1077
720.0000,1255.8140,17.6723
720.0000,1302.3256,17.2934
720.0000,1348.8372,16.6850
720.0000,1395.3488,15.9881
720.0000,1441.8605,15.7480
720.0000,1488.3721,15.7428
720.0000,1534.8837,15.7836
720.0000,1581.3953,15.6911
720.0000,1627.9070,15.4948
720.0000,1674.4186,15.1138
720.0000,1720.9302,14.3415
720.0000,1767.4419,13.5135
720.0000,1813.9535,12.7865
720.0000,1860.4651,12.1495
720.0000,1906.9767,11.7345
720.0000,1953.4884,11.5224
720.0000,2000.0000,11.5224
760.0000,0.0000,7.0311
760.0000,46.5116,7.0792
760.0000,93.0233,7.3848
760.0000,139.5349,7.8826
760.0000,186.0465,8.4681
760.0000,232.5581,9.1371
760.0000,279.0698,9.7596
760.0000,325.5814,10.1283
760.0000,372.0930,10.3904
760.0000,418.6047,10.6397
760.0000,465.1163,10.9434
760.0000,511.6279,11.3325
760.0000,558.1395,11.9490
760.0000,604.6512,13.0365
760.0000,651.1628,14.0487
760.0000,697.6744,14.7707
760.0000,744.1860,15.4412
760.0000,790.6977,15.7587
760.0000,837.2093,15.5943
760.0000,883.7209,15.3993
760.0000,930.2326,15.4417
760.0000,976.7442,15.7416
760.0000,1023.2558,16.1850
760.0000,1069.7674,16.7724
760.0000,1116.2791,17.3618
760.0000,1162.7907,17.7278
760.0000,1209.3023,17.5108
760.0000,1255.8140,16.8741
760.0000,1302.3256,16.4258
760.0000,1348.8372,15.9020
760.0000,1395.3488,15.3777
760.0000,1441.8605,15.2603
760.0000,1488.3721,15.3335
760.0000,1534.8837,15.3768
760.0000,1581.3953,15.1923
760.0000,1627.9070,14.8421
760.0000,1674.4186,14.2725
760.0000,1720.9302,13.2877
760.0000,1767.4419,12.2162
760.0000,1813.9535,11.2578
760.0000,1860.4651,10.4385
760.0000,1906.9767,9.8713
760.0000,1953.4884,9.6081
760.0000,2000.0000,9.6081
800.0000,0.0000,5.4652
800.0000,46.5116,5.5376
800.0000,93.0233,5.8890
800.0000,139.5349,6.4499
800.0000,186.0465,7.1079
800.0000,232.5581,7.8180
800.0000,279.0698,8.4532
800.0000,325.5814,8.8074
800.0000,372.0930,9.0136
800.0000,418.6047,9.1465
800.0000,465.1163,9.2737
800.0000,511.6279,9.4456
800.0000,558.1395,9.8020
800.0000,604.6512,10.6778
800.0000,651.1628,11.6730
800.0000,697.6744,12.6263
800.0000,744.1860,13.6510
800.0000,790.6977,14.3962
800.0000,837.2093,14.7262
800.0000,883.7209,14.9228
800.0000,930.2326,15.1737
800.0000,976.7442,15.5162
800.0000,1023.2558,15.8630
800.0000,1069.7674,16.1715
800.0000,1116.2791,16.2718
800.0000,1162.7907,16.1000
800.0000,1209.3023,15.5490
800.0000,1255.8140,14.7720
800.0000,1302.3256,14.3217
800.0000,1348.8372,13.9055
800.0000,1395.3488,13.6115
800.0000,1441.8605,13.6934
800.0000,1488.3721,13.8607
800.0000,1534.8837,13.9332
800.0000,1581.3953,13.7157
800.0000,1627.9070,13.2813
800.0000,1674.4186,12.6042
800.0000,1720.9302,11.5125
800.0000,1767.4419,10.3291
800.0000,1813.9535,9.2464
800.0000,1860.4651,8.3330
800.0000,1906.9767,7.7069
800.0000,1953.4884,7.4280
800.0000,2000.0000,7.4280
840.0000,0.0000,3.9179
840.0000,46.5116,3.9775
840.0000,93.0233,4.3267
840.0000,139.5349,4.8943
840.0000,186.0465,5.5425
840.0000,232.5581,6.2222
840.0000,279.0698,6.8177
840.0000,325.5814,7.1273
840.0000,372.0930,7.2666
840.0000,418.6047,7.2796
840.0000,465.1163,7.2556
840.0000,511.6279,7.2081
840.0000,558.1395,7.2414
840.0000,604.6512,7.8457
840.0000,651.1628,8.6710
840.0000,697.6744,9.6177
840.0000,744.1860,10.9368
840.0000,790.6977,11.9637
840.0000,837.2093,12.7373
840.0000,883.7209,13.3755
840.0000,930.2326,13.8168
840.0000,976.7442,14.2005
840.0000,1023.2558,14.3937
840.0000,1069.7674,14.3546
840.0000,1116.2791,13.8934
840.0000,1162.7907,13.3260
840.0000,1209.3023,12.5183
840.0000,1255.8140,11.5555
840.0000,1302.3256,11.2203
840.0000,1348.8372,10.9833
840.0000,1395.3488,10.8977
840.0000,1441.8605,11.2099
840.0000,1488.3721,11.4613
840.0000,1534.8837,11.5467
840.0000,1581.3953,11.3349
840.0000,1627.9070,10.8760
840.0000,1674.4186,10.1797
840.0000,1720.9302,9.0937
840.0000,1767.4419,7.9264
840.0000,1813.9535,6.8521
840.0000,1860.4651,5.9419
840.0000,1906.9767,5.3330
840.0000,1953.4884,5.0942
840.0000,2000.0000,5.0942
880.0000,0.0000,2.4843
880.0000,46.5116,2.5068
880.0000,93.0233,2.8171
880.0000,139.5349,3.3191
880.0000,186.0465,3.8659
880.0000,232.5581,4.4374
880.0000,279.0698,4.9389
880.0000,325.5814,5.1743
880.0000,372.0930,5.2322
880.0000,418.6047,5.1641
880.0000,465.1163,5.0447
880.0000,511.6279,4.7829
880.0000,558.1395,4.5415
880.0000,604.6512,4.8797
880.0000,651.1628,5.3591
880.0000,697.6744,6.0177
880.0000,744.1860,7.4524
880.0000,790.6977,8.7562
880.0000,837.2093,9.7062
880.0000,883.7209,10.5870
880.0000,930.2326,11.2835
880.0000,976.7442,11.7124
880.0000,1023.2558,11.6773
880.0000,1069.7674,11.1596
880.0000,1116.2791,10.2782
880.0000,1162.7907,9.5694
880.0000,1209.3023,8.5601
880.0000,1255.8140,7.4737
880.0000,1302.3256,7.3902
880.0000,1348.8372,7.4401
880.0000,1395.3488,7.4846
880.0000,1441.8605,7.9457
880.0000,1488.3721,8.3005
880.0000,1534.8837,8.3756
880.0000,1581.3953,8.1815
880.0000,1627.9070,7.7811
880.0000,1674.4186,7.1644
880.0000,1720.9302,6.2058
880.0000,1767.4419,5.1938
880.0000,1813.9535,4.2684
880.0000,1860.4651,3.4697
880.0000,1906.9767,2.9402
880.0000,1953.4884,2.7800
880.0000,2000.0000,2.7800
920.0000,0.0000,1.2841
920.0000,46.5116,1.2677
920.0000,93.0233,1.4906
920.0000,139.5349,1.8415
920.0000,186.0465,2.2079
920.0000,232.5581,2.6016
920.0000,279.0698,2.9529
920.0000,325.5814,3.0745
920.0000,372.0930,3.0755
920.0000,418.6047,2.9941
920.0000,465.1163,2.8061
920.0000,511.6279,2.4611
920.0000,558.1395,2.1289
920.0000,604.6512,2.2224
920.0000,651.1628,2.3536
920.0000,697.6744,2.6520
920.0000,744.1860,3.8187
920.0000,790.6977,5.0770
920.0000,837.2093,5.9918
920.0000,883.7209,6.7814
920.0000,930.2326,7.5289
920.0000,976.7442,7.9722
920.0000,1023.2558,7.6722
920.0000,1069.7674,6.9145
920.0000,1116.2791,6.0168
920.0000,1162.7907,5.2972
920.0000,1209.3023,4.3323
920.0000,1255.8140,3.4303
920.0000,1302.3256,3.5101
920.0000,1348.8372,3.7534
920.0000,1395.3488,3.9076
920.0000,1441.8605,4.3099
920.0000,1488.3721,4.6539
920.0000,1534.8837,4.7583
920.0000,1581.3953,4.5770
920.0000,1627.9070,4.2783
920.0000,1674.4186,3.8537
920.0000,1720.9302,3.1430
920.0000,1767.4419,2.4111
920.0000,1813.9535,1.7568
920.0000,1860.4651,1.1796
920.0000,1906.9767,0.7891
920.0000,1953.4884,0.7136
920.0000,2000.0000,0.7136
960.0000,0.0000,0.4350
960.0000,46.5116,0.3892
960.0000,93.0233,0.4770
960.0000,139.5349,0.6232
960.0000,186.0465,0.7666
960.0000,232.5581,0.9361
960.0000,279.0698,1.0806
960.0000,325.5814,1.0938
960.0000,372.0930,1.0841
960.0000,418.6047,0.9987
960.0000,465.1163,0.8418
960.0000,511.6279,0.6302
960.0000,558.1395,0.3614
960.0000,604.6512,0.3304
960.0000,651.1628,0.2910
960.0000,697.6744,0.3076
960.0000,744.1860,0.9169
960.0000,790.6977,1.5809
960.0000,837.2093,2.1389
960.0000,883.7209,2.6400
960.0000,930.2326,3.0301
960.0000,976.7442,3.2478
960.0000,1023.2558,2.9669
960.0000,1069.7674,2.5033
960.0000,1116.2791,1.8728
960.0000,1162.7907,1.3966
960.0000,1209.3023,0.8492
960.0000,1255.8140,0.3406
960.0000,1302.3256,0.4635
960.0000,1348.8372,0.6250
960.0000,1395.3488,0.7462
960.0000,1441.8605,0.9920
960.0000,1488.3721,1.1247
960.0000,1534.8837,1.1988
960.0000,1581.3953,1.1011
960.0000,1627.9070,0.9104
960.0000,1674.4186,0.7148
960.0000,1720.9302,0.3562
960.0000,1767.4419,-0.0166
960.0000,1813.9535,-0.3348
960.0000,1860.4651,-0.6257
960.0000,1906.9767,-0.8347
960.0000,1953.4884,-0.8537
960.0000,2000.0000,-0.8537
1000.0000,0.0000,0.0000
1000.0000,46.5116,-0.0405
1000.0000,93.0233,-0.0809
1000.0000,139.5349,-0.1214
1000.0000,186.0465,-0.1619
1000.0000,232.5581,-0.2023
1000.0000,279.0698,-0.2428
1000.0000,325.5814,-0.2833
1000.0000,372.0930,-0.3237
1000.0000,418.6047,-0.3642
1000.0000,465.1163,-0.4047
1000.0000,511.6279,-0.4452
1000.0000,558.1395,-0.4856
1000.0000,604.6512,-0.5261
1000.0000,651.1628,-0.5666
1000.0000,697.6744,-0.6070
1000.0000,744.1860,-0.6475
1000.0000,790.6977,-0.6880
1000.0000,837.2093,-0.7284
1000.0000,883.7209,-0.7689
1000.0000,930.2326,-0.8094
1000.0000,976.7442,-0.8498
1000.0000,1023.2558,-0.8903
1000.0000,1069.7674,-0.9308
1000.0000,1116.2791,-0.9712
1000.0000,1162.7907,-1.0117
1000.0000,1209.3023,-1.0522
1000.0000,1255.8140,-1.0927
1000.0000,1302.3256,-1.1331
1000.0000,1348.8372,-1.1736
1000.0000,1395.3488,-1.2141
1000.0000,1441.8605,-1.2545
1000.0000,1488.3721,-1.2950
1000.0000,1534.8837,-1.3355
1000.0000,1581.3953,-1.3759
1000.0000,1627.9070,-1.4164
1000.0000,1674.4186,-1.4569
1000.0000,1720.9302,-1.4973
1000.0000,1767.4419,-1.5378
1000.0000,1813.9535,-1.5783
1000.0000,1860.4651,-1.6187
1000.0000,1906.9767,-1.6592
1000.0000,1953.4884,-1.6997
1000.0000,2000.0000,-1.6997
1040.0000,0.0000,0.0000
1040.0000,46.5116,-0.0380
1040.0000,93.0233,-0.0760
1040.0000,139.5349,-0.1140
1040.0000,186.0465,-0.1520
1040.0000,232.5581,-0.1900
1040.0000,279.0698,-0.2280
1040.0000,325.5814,-0.2660
1040.0000,372.0930,-0.3040
1040.0000,418.6047,-0.3420
1040.0000,465.1163,-0.3801
1040.0000,511.6279,-0.4181
1040.0000,558.1395,-0.4561
1040.0000,604.6512,-0.4941
1040.0000,651.1628,-0.5321
1040.0000,697.6744,-0.5701
1040.0000,744.1860,-0.6081
1040.0000,790.6977,-0.6461
1040.0000,837.2093,-0.6841
1040.0000,883.7209,-0.7221
1040.0000,930.2326,-0.7601
1040.0000,976.7442,-0.7981
1040.0000,1023.2558,-0.8361
1040.0000,1069.7674,-0.8741
1040.0000,1116.2791,-0.9121
1040.0000,1162.7907,-0.9501
1040.0000,1209.3023,-0.9881
1040.0000,1255.8140,-1.0261
1040.0000,1302.3256,-1.0642
1040.0000,1348.8372,-1.1022
1040.0000,1395.3488,-1.1402
1040.0000,1441.8605,-1.1782
1040.0000,1488.3721,-1.2162
1040.0000,1534.8837,-1.2542
1040.0000,1581.3953,-1.2922
1040.0000,1627.9070,-1.3302
1040.0000,1674.4186,-1.3682
1040.0000,1720.9302,-1.4062
1040.0000,1767.4419,-1.4442
1040.0000,1813.9535,-1.4822
1040.0000,1860.4651,-1.5202
1040.0000,1906.9767,-1.5582
1040.0000,1953.4884,-1.5962
1040.0000,2000.0000,-1.5962
1080.0000,0.0000,0.0000
1080.0000,46.5116,-0.0357
1080.0000,93.0233,-0.0714
1080.0000,139.5349,-0.1071
1080.0000,186.0465,-0.1428
1080.0000,232.5581,-0.1785
1080.0000,279.0698,-0.2142
1080.0000,325.5814,-0.2498
1080.0000,372.0930,-0.2855
1080.0000,418.6047,-0.3212
1080.0000,465.1163,-0.3569
1080.0000,511.6279,-0.3926
1080.0000,558.1395,-0.4283
1080.0000,604.6512,-0.4640
1080.0000,651.1628,-0.4997
1080.0000,697.6744,-0.5354
1080.0000,744.1860,-0.5711
1080.0000,790.6977,-0.6068
1080.0000,837.2093,-0.6425
1080.0000,883.7209,-0.6782
1080.0000,930.2326,-0.7138
1080.0000,976.7442,-0.7495
1080.0000,1023.2558,-0.7852
1080.0000,1069.7674,-0.8209
1080.0000,1116.2791,-0.8566
1080.0000,1162.7907,-0.8923
1080.0000,1209.3023,-0.9280
1080.0000,1255.8140,-0.9637
1080.0000,1302.3256,-0.9994
1080.0000,1348.8372,-1.0351
1080.0000,1395.3488,-1.0708
1080.0000,1441.8605,-1.1065
1080.0000,1488.3721,-1.1422
1080.0000,1534.8837,-1.1778
1080.0000,1581.3953,-1.2135
1080.0000,1627.9070,-1.2492
1080.0000,1674.4186,-1.2849
1080.0000,1720.9302,-1.3206
1080.0000,1767.4419,-1.3563
1080.0000,1813.9535,-1.3920
1080.0000,1860.4651,-1.4277
1080.0000,1906.9767,-1.4634
1080.0000,1953.4884,-1.4991
1080.0000,2000.0000,-1.4991
1120.0000,0.0000,0.0000
1120.0000,46.5116,-0.0335
1120.0000,93.0233,-0.0670
1120.0000,139.5349,-0.1006
1120.0000,186.0465,-0.1341
1120.0000,232.5581,-0.1676
1120.0000,279.0698,-0.2011
1120.0000,325.5814,-0.2346
1120.0000,372.0930,-0.2682
1120.0000,418.6047,-0.3017
1120.0000,465.1163,-0.3352
1120.0000,511.6279,-0.3687
1120.0000,558.1395,-0.4022
1120.0000,604.6512,-0.4358
1120.0000,651.1628,-0.4693
1120.0000,697.6744,-0.5028
1120.0000,744.1860,-0.5363
1120.0000,790.6977,-0.5698
1120.0000,837.2093,-0.6034
1120.0000,883.7209,-0.6369
1120.0000,930.2326,-0.6704
1120.0000,976.7442,-0.7039
1120.0000,1023.2558,-0.7374
1120.0000,1069.7674,-0.7710
1120.0000,1116.2791,-0.8045
1120.0000,1162.7907,-0.8380
1120.0000,1209.3023,-0.8715
1120.0000,1255.8140,-0.9050
1120.0000,1302.3256,-0.9386
1120.0000,1348.8372,-0.9721
1120.0000,1395.3488,-1.0056
1120.0000,1441.8605,-1.0391
1120.0000,1488.3721,-1.0726
1120.0000,1534.8837,-1.1062
1120.0000,1581.3953,-1.1397
1120.0000,1627.9070,-1.1732
1120.0000,1674.4186,-1.2067
1120.0000,1720.9302,-1.2402
1120.0000,1767.4419,-1.2738
1120.0000,1813.9535,-1.3073
1120.0000,1860.4651,-1.3408
1120.0000,1906.9767,-1.3743
1120.0000,1953.4884,-1.4078
1120.0000,2000.0000,-1.4078
1160.0000,0.0000,0.0000
1160.0000,46.5116,-0.0315
1160.0000,93.0233,-0.0630
1160.0000,139.5349,-0.0944
1160.0000,186.0465,-0.1259
1160.0000,232.5581,-0.1574
1160.0000,279.0698,-0.1889
1160.0000,325.5814,-0.2204
1160.0000,372.0930,-0.2518
1160.0000,418.6047,-0.2833
1160.0000,465.1163,-0.3148
1160.0000,511.6279,-0.3463
1160.0000,558.1395,-0.3778
1160.0000,604.6512,-0.4092
1160.0000,651.1628,-0.4407
1160.0000,697.6744,-0.4722
1160.0000,744.1860,-0.5037
1160.0000,790.6977,-0.5352
1160.0000,837.2093,-0.5666
1160.0000,883.7209,-0.5981
1160.0000,930.2326,-0.6296
1160.0000,976.7442,-0.6611
1160.0000,1023.2558,-0.6926
1160.0000,1069.7674,-0.7240
1160.0000,1116.2791,-0.7555
1160.0000,1162.7907,-0.7870
1160.0000,1209.3023,-0.8185
1160.0000,1255.8140,-0.8500
1160.0000,1302.3256,-0.8814
1160.0000,1348.8372,-0.9129
1160.0000,1395.3488,-0.9444
1160.0000,1441.8605,-0.9759
1160.0000,1488.3721,-1.0074
1160.0000,1534.8837,-1.0388
1160.0000,1581.3953,-1.0703
1160.0000,1627.9070,-1.1018
1160.0000,1674.4186,-1.1333
1160.0000,1720.9302,-1.1648
1160.0000,1767.4419,-1.1962
1160.0000,1813.9535,-1.2277
1160.0000,1860.4651,-1.2592
1160.0000,1906.9767,-1.2907
1160.0000,1953.4884,-1.3222
1160.0000,2000.0000,-1.3222
1200.0000,0.0000,0.0000
1200.0000,46.5116,-0.0296
1200.0000,93.0233,-0.0591
1200.0000,139.5349,-0.0887
1200.0000,186.0465,-0.1183
1200.0000,232.5581,-0.1478
1200.0000,279.0698,-0.1774
1200.0000,325.5814,-0.2069
1200.0000,372.0930,-0.2365
1200.0000,418.6047,-0.2661
1200.0000,465.1163,-0.2956
1200.0000,511.6279,-0.3252
1200.0000,558.1395,-0.3548
1200.0000,604.6512,-0.3843
1200.0000,651.1628,-0.4139
1200.0000,697.6744,-0.4435
1200.0000,744.1860,-0.4730
1200.0000,790.6977,-0.5026
1200.0000,837.2093,-0.5321
1200.0000,883.7209,-0.5617
1200.0000,930.2326,-0.5913
1200.0000,976.7442,-0.6208
1200.0000,1023.2558,-0.6504
1200.0000,1069.7674,-0.6800
1200.0000,1116.2791,-0.7095
1200.0000,1162.7907,-0.7391
1200.0000,1209.3023,-0.7687
1200.0000,1255.8140,-0.7982
1200.0000,1302.3256,-0.8278
1200.0000,1348.8372,-0.8574
1200.0000,1395.3488,-0.8869
1200.0000,1441.8605,-0.9165
1200.0000,1488.3721,-0.9460
1200.0000,1534.8837,-0.9756
1200.0000,1581.3953,-1.0052
1200.0000,1627.9070,-1.0347
1200.0000,1674.4186,-1.0643
1200.0000,1720.9302,-1.0939
1200.0000,1767.4419,-1.1234
1200.0000,1813.9535,-1.1530
1200.0000,1860.4651,-1.1826
1200.0000,1906.9767,-1.2121
1200.0000,1953.4884,-1.2417
1200.0000,2000.0000,-1.2417
1240.0000,0.0000,0.0000
1240.0000,46.5116,-0.0278
1240.0000,93.0233,-0.0555
1240.0000,139.5349,-0.0833
1240.0000,186.0465,-0.1111
1240.0000,232.5581,-0.1388
1240.0000,279.0698,-0.1666
1240.0000,325.5814,-0.1944
1240.0000,372.0930,-0.2221
1240.0000,418.6047,-0.2499
1240.0000,465.1163,-0.2776
1240.0000,511.6279,-0.3054
1240.0000,558.1395,-0.3332
1240.0000,604.6512,-0.3609
1240.0000,651.1628,-0.3887
1240.0000,697.6744,-0.4165
1240.0000,744.1860,-0.4442
1240.0000,790.6977,-0.4720
1240.0000,837.2093,-0.4998
1240.0000,883.7209,-0.5275
1240.0000,930.2326,-0.5553
1240.0000,976.7442,-0.5831
1240.0000,1023.2558,-0.6108
1240.0000,1069.7674,-0.6386
1240.0000,1116.2791,-0.6663
1240.0000,1162.7907,-0.6941
1240.0000,1209.3023,-0.7219
1240.0000,1255.8140,-0.7496
1240.0000,1302.3256,-0.7774
1240.0000,1348.8372,-0.8052
1240.0000,1395.3488,-0.8329
1240.0000,1441.8605,-0.8607
1240.0000,1488.3721,-0.8885
1240.0000,1534.8837,-0.9162
1240.0000,1581.3953,-0.9440
1240.0000,1627.9070,-0.9718
1240.0000,1674.4186,-0.9995
1240.0000,1720.9302,-1.0273
1240.0000,1767.4419,-1.0551
1240.0000,1813.9535,-1.0828
1240.0000,1860.4651,-1.1106
1240.0000,1906.9767,-1.1383
1240.0000,1953.4884,-1.1661
1240.0000,2000.0000,-1.1661
1280.0000,0.0000,0.0000
1280.0000,46.5116,-0.0261
1280.0000,93.0233,-0.0521
1280.0000,139.5349,-0.0782
1280.0000,186.0465,-0.1043
1280.0000,232.5581,-0.1304
1280.0000,279.0698,-0.1564
1280.0000,325.5814,-0.1825
1280.0000,372.0930,-0.2086
1280.0000,418.6047,-0.2347
1280.0000,465.1163,-0.2607
1280.0000,511.6279,-0.2868
1280.0000,558.1395,-0.3129
1280.0000,604.6512,-0.3390
1280.0000,651.1628,-0.3650
1280.0000,697.6744,-0.3911
1280.0000,744.1860,-0.4172
1280.0000,790.6977,-0.4433
1280.0000,837.2093,-0.4693
1280.0000,883.7209,-0.4954
1280.0000,930.2326,-0.5215
1280.0000,976.7442,-0.5476
1280.0000,1023.2558,-0.5736
1280.0000,1069.7674,-0.5997
1280.0000,1116.2791,-0.6258
1280.0000,1162.7907,-0.6519
1280.0000,1209.3023,-0.6779
1280.0000,1255.8140,-0.7040
1280.0000,1302.3256,-0.7301
1280.0000,1348.8372,-0.7562
1280.0000,1395.3488,-0.7822
1280.0000,1441.8605,-0.8083
1280.0000,1488.3721,-0.8344
1280.0000,1534.8837,-0.8605
1280.0000,1581.3953,-0.8865
1280.0000,1627.9070,-0.9126
1280.0000,1674.4186,-0.9387
1280.0000,1720.9302,-0.9648
1280.0000,1767.4419,-0.9908
1280.0000,1813.9535,-1.0169
1280.0000,1860.4651,-1.0430
1280.0000,1906.9767,-1.0691
1280.0000,1953.4884,-1.0951
1280.0000,2000.0000,-1.0951
1320.0000,0.0000,0.0000
1320.0000,46.5116,-0.0245
1320.0000,93.0233,-0.0490
1320.0000,139.5349,-0.0735
1320.0000,186.0465,-0.0980
1320.0000,232.5581,-0.1224
1320.0000,279.0698,-0.1469
1320.0000,325.5814,-0.1714
1320.0000,372.0930,-0.1959
1320.0000,418.6047,-0.2204
1320.0000,465.1163,-0.2449
1320.0000,511.6279,-0.2694
1320.0000,558.1395,-0.2939
1320.0000,604.6512,-0.3183
1320.0000,651.1628,-0.3428
1320.0000,697.6744,-0.3673
1320.0000,744.1860,-0.3918
1320.0000,790.6977,-0.4163
1320.0000,837.2093,-0.4408
1320.0000,883.7209,-0.4653
1320.0000,930.2326,-0.4898
1320.0000,976.7442,-0.5142
1320.0000,1023.2558,-0.5387
1320.0000,1069.7674,-0.5632
1320.0000,1116.2791,-0.5877
1320.0000,1162.7907,-0.6122
1320.0000,1209.3023,-0.6367
1320.0000,1255.8140,-0.6612
1320.0000,1302.3256,-0.6857
1320.0000,1348.8372,-0.7101
1320.0000,1395.3488,-0.7346
1320.0000,1441.8605,-0.7591
1320.0000,1488.3721,-0.7836
1320.0000,1534.8837,-0.8081
1320.0000,1581.3953,-0.8326
1320.0000,1627.9070,-0.8571
1320.0000,1674.4186,-0.8816
1320.0000,1720.9302,-0.9060
1320.0000,1767.4419,-0.9305
1320.0000,1813.9535,-0.9550
1320.0000,1860.4651,-0.9795
1320.0000,1906.9767,-1.0040
1320.0000,1953.4884,-1.0285
1320.0000,2000.0000,-1.0285
1360.0000,0.0000,0.0000
1360.0000,46.5116,-0.0230
1360.0000,93.0233,-0.0460
1360.0000,139.5349,-0.0690
1360.0000,186.0465,-0.0920
1360.0000,232.5581,-0.1150
1360.0000,279.0698,-0.1380
1360.0000,325.5814,-0.1610
1360.0000,372.0930,-0.1840
1360.0000,418.6047,-0.2070
1360.0000,465.1163,-0.2300
1360.0000,511.6279,-0.2530
1360.0000,558.1395,-0.2760
1360.0000,604.6512,-0.2990
1360.0000,651.1628,-0.3220
1360.0000,697.6744,-0.3450
1360.0000,744.1860,-0.3680
1360.0000,790.6977,-0.3910
1360.0000,837.2093,-0.4140
1360.0000,883.7209,-0.4369
1360.0000,930.2326,-0.4599
1360.0000,976.7442,-0.4829
1360.0000,1023.2558,-0.5059
1360.0000,1069.7674,-0.5289
1360.0000,1116.2791,-0.5519
1360.0000,1162.7907,-0.5749
1360.0000,1209.3023,-0.5979
1360.0000,1255.8140,-0.6209
1360.0000,1302.3256,-0.6439
1360.0000,1348.8372,-0.6669
1360.0000,1395.3488,-0.6899
1360.0000,1441.8605,-0.7129
1360.0000,1488.3721,-0.7359
1360.0000,1534.8837,-0.7589
1360.0000,1581.3953,-0.7819
1360.0000,1627.9070,-0.8049
1360.0000,1674.4186,-0.8279
1360.0000,1720.9302,-0.8509
1360.0000,1767.4419,-0.8739
1360.0000,1813.9535,-0.8969
1360.0000,1860.4651,-0.9199
1360.0000,1906.9767,-0.9429
1360.0000,1953.4884,-0.9659
1360.0000,2000.0000,-0.9659
1400.0000,0.0000,0.0000
1400.0000,46.5116,-0.0216
1400.0000,93.0233,-0.0432
1400.0000,139.5349,-0.0648
1400.0000,186.0465,-0.0864
1400.0000,232.5581,-0.1080
1400.0000,279.0698,-0.1296
1400.0000,325.5814,-0.1512
1400.0000,372.0930,-0.1728
1400.0000,418.6047,-0.1944
1400.0000,465.1163,-0.2160
1400.0000,511.6279,-0.2376
1400.0000,558.1395,-0.2592
1400.0000,604.6512,-0.2808
1400.0000,651.1628,-0.3024
1400.0000,697.6744,-0.3240
1400.0000,744.1860,-0.3456
1400.0000,790.6977,-0.3672
1400.0000,837.2093,-0.3888
1400.0000,883.7209,-0.4104
1400.0000,930.2326,-0.4320
1400.0000,976.7442,-0.4535
1400.0000,1023.2558,-0.4751
1400.0000,1069.7674,-0.4967
1400.0000,1116.2791,-0.5183
1400.0000,1162.7907,-0.5399
1400.0000,1209.3023,-0.5615
1400.0000,1255.8140,-0.5831
1400.0000,1302.3256,-0.6047
1400.0000,1348.8372,-0.6263
1400.0000,1395.3488,-0.6479
1400.0000,1441.8605,-0.6695
1400.0000,1488.3721,-0.6911
1400.0000,1534.8837,-0.7127
1400.0000,1581.3953,-0.7343
1400.0000,1627.9070,-0.7559
1400.0000,1674.4186,-0.7775
1400.0000,1720.9302,-0.7991
1400.0000,1767.4419,-0.8207
1400.0000,1813.9535,-0.8423
1400.0000,1860.4651,-0.8639
1400.0000,1906.9767,-0.8855
1400.0000,1953.4884,-0.9071
1400.0000,2000.0000,-0.9071
1440.0000,0.0000,0.0000
1440.0000,46.5116,-0.0203
1440.0000,93.0233,-0.0406
1440.0000,139.5349,-0.0608
1440.0000,186.0465,-0.0811
1440.0000,232.5581,-0.1014
1440.0000,279.0698,-0.1217
1440.0000,325.5814,-0.1420
1440.0000,372.0930,-0.1623
1440.0000,418.6047,-0.1825
1440.0000,465.1163,-0.2028
1440.0000,511.6279,-0.2231
1440.0000,558.1395,-0.2434
1440.0000,604.6512,-0.2637
1440.0000,651.1628,-0.2840
1440.0000,697.6744,-0.3042
1440.0000,744.1860,-0.3245
1440.0000,790.6977,-0.3448
1440.0000,837.2093,-0.3651
1440.0000,883.7209,-0.3854
1440.0000,930.2326,-0.4057
1440.0000,976.7442,-0.4259
1440.0000,1023.2558,-0.4462
1440.0000,1069.7674,-0.4665
1440.0000,1116.2791,-0.4868
1440.0000,1162.7907,-0.5071
1440.0000,1209.3023,-0.5274
1440.0000,1255.8140,-0.5476
1440.0000,1302.3256,-0.5679
1440.0000,1348.8372,-0.5882
1440.0000,1395.3488,-0.6085
1440.0000,1441.8605,-0.6288
1440.0000,1488.3721,-0.6491
1440.0000,1534.8837,-0.6693
1440.0000,1581.3953,-0.6896
1440.0000,1627.9070,-0.7099
1440.0000,1674.4186,-0.7302
1440.0000,1720.9302,-0.7505
1440.0000,1767.4419,-0.7708
1440.0000,1813.9535,-0.7910
1440.0000,1860.4651,-0.8113
1440.0000,1906.9767,-0.8316
1440.0000,1953.4884,-0.8519
1440.0000,2000.0000,-0.8519
1480.0000,0.0000,0.0000
1480.0000,46.5116,-0.0190
1480.0000,93.0233,-0.0381
1480.0000,139.5349,-0.0571
1480.0000,186.0465,-0.0762
1480.0000,232.5581,-0.0952
1480.0000,279.0698,-0.1143
1480.0000,325.5814,-0.1333
1480.0000,372.0930,-0.1524
1480.0000,418.6047,-0.1714
1480.0000,465.1163,-0.1905
1480.0000,511.6279,-0.2095
1480.0000,558.1395,-0.2286
1480.0000,604.6512,-0.2476
1480.0000,651.1628,-0.2667
1480.0000,697.6744,-0.2857
1480.0000,744.1860,-0.3048
1480.0000,790.6977,-0.3238
1480.0000,837.2093,-0.3429
1480.0000,883.7209,-0.3619
1480.0000,930.2326,-0.3810
1480.0000,976.7442,-0.4000
1480.0000,1023.2558,-0.4191
1480.0000,1069.7674,-0.4381
1480.0000,1116.2791,-0.4572
1480.0000,1162.7907,-0.4762
1480.0000,1209.3023,-0.4953
1480.0000,1255.8140,-0.5143
1480.0000,1302.3256,-0.5334
1480.0000,1348.8372,-0.5524
1480.0000,1395.3488,-0.5715
1480.0000,1441.8605,-0.5905
1480.0000,1488.3721,-0.6096
1480.0000,1534.8837,-0.6286
1480.0000,1581.3953,-0.6477
1480.0000,1627.9070,-0.6667
1480.0000,1674.4186,-0.6857
1480.0000,1720.9302,-0.7048
1480.0000,1767.4419,-0.7238
1480.0000,1813.9535,-0.7429
1480.0000,1860.4651,-0.7619
1480.0000,1906.9767,-0.7810
1480.0000,1953.4884,-0.8000
1480.0000,2000.0000,-0.8000
1520.0000,0.0000,0.0000
1520.0000,46.5116,-0.0179
1520.0000,93.0233,-0.0358
1520.0000,139.5349,-0.0537
1520.0000,186.0465,-0.0716
1520.0000,232.5581,-0.0894
1520.0000,279.0698,-0.1073
1520.0000,325.5814,-0.1252
1520.0000,372.0930,-0.1431
1520.0000,418.6047,-0.1610
1520.0000,465.1163,-0.1789
1520.0000,511.6279,-0.1968
1520.0000,558.1395,-0.2147
1520.0000,604.6512,-0.2326
1520.0000,651.1628,-0.2504
1520.0000,697.6744,-0.2683
1520.0000,744.1860,-0.2862
1520.0000,790.6977,-0.3041
1520.0000,837.2093,-0.3220
1520.0000,883.7209,-0.3399
1520.0000,930.2326,-0.3578
1520.0000,976.7442,-0.3757
1520.0000,1023.2558,-0.3936
1520.0000,1069.7674,-0.4115
1520.0000,1116.2791,-0.4293
1520.0000,1162.7907,-0.4472
1520.0000,1209.3023,-0.4651
1520.0000,1255.8140,-0.4830
1520.0000,1302.3256,-0.5009
1520.0000,1348.8372,-0.5188
1520.0000,1395.3488,-0.5367
1520.0000,1441.8605,-0.5546
1520.0000,1488.3721,-0.5725
1520.0000,1534.8837,-0.5903
1520.0000,1581.3953,-0.6082
1520.0000,1627.9070,-0.6261
1520.0000,1674.4186,-0.6440
1520.0000,1720.9302,-0.6619
1520.0000,1767.4419,-0.6798
1520.0000,1813.9535,-0.6977
1520.0000,1860.4651,-0.7156
1520.0000,1906.9767,-0.7335
1520.0000,1953.4884,-0.7513
1520.0000,2000.0000,-0.7513
1560.0000,0.0000,0.0000
1560.0000,46.5116,-0.0168
1560.0000,93.0233,-0.0336
1560.0000,139.5349,-0.0504
1560.0000,186.0465,-0.0672
1560.0000,232.5581,-0.0840
1560.0000,279.0698,-0.1008
1560.0000,325.5814,-0.1176
1560.0000,372.0930,-0.1344
1560.0000,418.6047,-0.1512
1560.0000,465.1163,-0.1680
1560.0000,511.6279,-0.1848
1560.0000,558.1395,-0.2016
1560.0000,604.6512,-0.2184
1560.0000,651.1628,-0.2352
1560.0000,697.6744,-0.2520
1560.0000,744.1860,-0.2688
1560.0000,790.6977,-0.2856
1560.0000,837.2093,-0.3024
1560.0000,883.7209,-0.3192
1560.0000,930.2326,-0.3360
1560.0000,976.7442,-0.3528
1560.0000,1023.2558,-0.3696
1560.0000,1069.7674,-0.3864
1560.0000,1116.2791,-0.4032
1560.0000,1162.7907,-0.4200
1560.0000,1209.3023,-0.4368
1560.0000,1255.8140,-0.4536
1560.0000,1302.3256,-0.4704
1560.0000,1348.8372,-0.4872
1560.0000,1395.3488,-0.5040
1560.0000,1441.8605,-0.5208
1560.0000,1488.3721,-0.5376
1560.0000,1534.8837,-0.5544
1560.0000,1581.3953,-0.5712
1560.0000,1627.9070,-0.5880
1560.0000,1674.4186,-0.6048
1560.0000,1720.9302,-0.6216
1560.0000,1767.4419,-0.6384
1560.0000,1813.9535,-0.6552
1560.0000,1860.4651,-0.6720
1560.0000,1906.9767,-0.6888
1560.0000,1953.4884,-0.7056
1560.0000,2000.0000,-0.7056
1600.0000,0.0000,0.0000
1600.0000,46.5116,-0.0158
1600.0000,93.0233,-0.0316
1600.0000,139.5349,-0.0473
1600.0000,186.0465,-0.0631
1600.0000,232.5581,-0.0789
1600.0000,279.0698,-0.0947
1600.0000,325.5814,-0.1104
1600.0000,372.0930,-0.1262
1600.0000,418.6047,-0.1420
1600.0000,465.1163,-0.1578
1600.0000,511.6279,-0.1736
1600.0000,558.1395,-0.1893
1600.0000,604.6512,-0.2051
1600.0000,651.1628,-0.2209
1600.0000,697.6744,-0.2367
1600.0000,744.1860,-0.2524
1600.0000,790.6977,-0.2682
1600.0000,837.2093,-0.2840
1600.0000,883.7209,-0.2998
1600.0000,930.2326,-0.3156
1600.0000,976.7442,-0.3313
1600.0000,1023.2558,-0.3471
1600.0000,1069.7674,-0.3629
1600.0000,1116.2791,-0.3787
1600.0000,1162.7907,-0.3944
1600.0000,1209.3023,-0.4102
1600.0000,1255.8140,-0.4260
1600.0000,1302.3256,-0.4418
1600.0000,1348.8372,-0.4576
1600.0000,1395.3488,-0.4733
1600.0000,1441.8605,-0.4891
1600.0000,1488.3721,-0.5049
1600.0000,1534.8837,-0.5207
1600.0000,1581.3953,-0.5364
1600.0000,1627.9070,-0.5522
1600.0000,1674.4186,-0.5680
1600.0000,1720.9302,-0.5838
1600.0000,1767.4419,-0.5996
1600.0000,1813.9535,-0.6153
1600.0000,1860.4651,-0.6311
1600.0000,1906.9767,-0.6469
1600.0000,1953.4884,-0.6627
1600.0000,2000.0000,-0.6627
1640.0000,0.0000,-0.0000
1640.0000,46.5116,-0.0148
1640.0000,93.0233,-0.0296
1640.0000,139.5349,-0.0445
1640.0000,186.0465,-0.0593
1640.0000,232.5581,-0.0741
1640.0000,279.0698,-0.0889
1640.0000,325.5814,-0.1037
1640.0000,372.0930,-0.1185
1640.0000,418.6047,-0.1334
1640.0000,465.1163,-0.1482
1640.0000,511.6279,-0.1630
1640.0000,558.1395,-0.1778
1640.0000,604.6512,-0.1926
1640.0000,651.1628,-0.2074
1640.0000,697.6744,-0.2223
1640.0000,744.1860,-0.2371
1640.0000,790.6977,-0.2519
1640.0000,837.2093,-0.2667
1640.0000,883.7209,-0.2815
1640.0000,930.2326,-0.2964
1640.0000,976.7442,-0.3112
1640.0000,1023.2558,-0.3260
1640.0000,1069.7674,-0.3408
1640.0000,1116.2791,-0.3556
1640.0000,1162.7907,-0.3704
1640.0000,1209.3023,-0.3853
1640.0000,1255.8140,-0.4001
1640.0000,1302.3256,-0.4149
1640.0000,1348.8372,-0.4297
1640.0000,1395.3488,-0.4445
1640.0000,1441.8605,-0.4593
1640.0000,1488.3721,-0.4742
1640.0000,1534.8837,-0.4890
1640.0000,1581.3953,-0.5038
1640.0000,1627.9070,-0.5186
1640.0000,1674.4186,-0.5334
1640.0000,1720.9302,-0.5483
1640.0000,1767.4419,-0.5631
1640.0000,1813.9535,-0.5779
1640.0000,1860.4651,-0.5927
1640.0000,1906.9767,-0.6075
1640.0000,1953.4884,-0.6223
1640.0000,2000.0000,-0.6223
1680.0000,0.0000,0.0000
1680.0000,46.5116,-0.0139
1680.0000,93.0233,-0.0278
1680.0000,139.5349,-0.0417
1680.0000,186.0465,-0.0557
1680.0000,232.5581,-0.0696
1680.0000,279.0698,-0.0835
1680.0000,325.5814,-0.0974
1680.0000,372.0930,-0.1113
1680.0000,418.6047,-0.1252
1680.0000,465.1163,-0.1392
1680.0000,511.6279,-0.1531
1680.0000,558.1395,-0.1670
1680.0000,604.6512,-0.1809
1680.0000,651.1628,-0.1948
1680.0000,697.6744,-0.2087
1680.0000,744.1860,-0.2227
1680.0000,790.6977,-0.2366
1680.0000,837.2093,-0.2505
1680.0000,883.7209,-0.2644
1680.0000,930.2326,-0.2783
1680.0000,976.7442,-0.2922
1680.0000,1023.2558,-0.3061
1680.0000,1069.7674,-0.3201
1680.0000,1116.2791,-0.3340
1680.0000,1162.7907,-0.3479
1680.0000,1209.3023,-0.3618
1680.0000,1255.8140,-0.3757
1680.0000,1302.3256,-0.3896
1680.0000,1348.8372,-0.4036
1680.0000,1395.3488,-0.4175
1680.0000,1441.8605,-0.4314
1680.0000,1488.3721,-0.4453
1680.0000,1534.8837,-0.4592
1680.0000,1581.3953,-0.4731
1680.0000,1627.9070,-0.4871
1680.0000,1674.4186,-0.5010
1680.0000,1720.9302,-0.5149
1680.0000,1767.4419,-0.5288
1680.0000,1813.9535,-0.5427
1680.0000,1860.4651,-0.5566
1680.0000,1906.9767,-0.5705
1680.0000,1953.4884,-0.5845
1680.0000,2000.0000,-0.5845
1720.0000,0.0000,0.0000
1720.0000,46.5116,-0.0131
1720.0000,93.0233,-0.0261
1720.0000,139.5349,-0.0392
1720.0000,186.0465,-0.0523
1720.0000,232.5581,-0.0653
1720.0000,279.0698,-0.0784
1720.0000,325.5814,-0.0915
1720.0000,372.0930,-0.1046
1720.0000,418.6047,-0.1176
1720.0000,465.1163,-0.1307
1720.0000,511.6279,-0.1438
1720.0000,558.1395,-0.1568
1720.0000,604.6512,-0.1699
1720.0000,651.1628,-0.1830
1720.0000,697.6744,-0.1960
1720.0000,744.1860,-0.2091
1720.0000,790.6977,-0.2222
1720.0000,837.2093,-0.2352
1720.0000,883.7209,-0.2483
1720.0000,930.2326,-0.2614
1720.0000,976.7442,-0.2744
1720.0000,1023.2558,-0.2875
1720.0000,1069.7674,-0.3006
1720.0000,1116.2791,-0.3137
1720.0000,1162.7907,-0.3267
1720.0000,1209.3023,-0.3398
1720.0000,1255.8140,-0.3529
1720.0000,1302.3256,-0.3659
1720.0000,1348.8372,-0.3790
1720.0000,1395.3488,-0.3921
1720.0000,1441.8605,-0.4051
1720.0000,1488.3721,-0.4182
1720.0000,1534.8837,-0.4313
1720.0000,1581.3953,-0.4443
1720.0000,1627.9070,-0.4574
1720.0000,1674.4186,-0.4705
1720.0000,1720.9302,-0.4835
1720.0000,1767.4419,-0.4966
1720.0000,1813.9535,-0.5097
1720.0000,1860.4651,-0.5228
1720.0000,1906.9767,-0.5358
1720.0000,1953.4884,-0.5489
1720.0000,2000.0000,-0.5489
1760.0000,0.0000,-0.0000
1760.0000,46.5116,-0.0123
1760.0000,93.0233,-0.0245
1760.0000,139.5349,-0.0368
1760.0000,186.0465,-0.0491
1760.0000,232.5581,-0.0614
1760.0000,279.0698,-0.0736
1760.0000,325.5814,-0.0859
1760.0000,372.0930,-0.0982
1760.0000,418.6047,-0.1105
1760.0000,465.1163,-0.1227
1760.0000,511.6279,-0.1350
1760.0000,558.1395,-0.1473
1760.0000,604.6512,-0.1596
1760.0000,651.1628,-0.1718
1760.0000,697.6744,-0.1841
1760.0000,744.1860,-0.1964
1760.0000,790.6977,-0.2086
1760.0000,837.2093,-0.2209
1760.0000,883.7209,-0.2332
1760.0000,930.2326,-0.2455
1760.0000,976.7442,-0.2577
1760.0000,1023.2558,-0.2700
1760.0000,1069.7674,-0.2823
1760.0000,1116.2791,-0.2946
1760.0000,1162.7907,-0.3068
1760.0000,1209.3023,-0.3191
1760.0000,1255.8140,-0.3314
1760.0000,1302.3256,-0.3437
1760.0000,1348.8372,-0.3559
1760.0000,1395.3488,-0.3682
1760.0000,1441.8605,-0.3805
1760.0000,1488.3721,-0.3927
1760.0000,1534.8837,-0.4050
1760.0000,1581.3953,-0.4173
1760.0000,1627.9070,-0.4296
1760.0000,1674.4186,-0.4418
1760.0000,1720.9302,-0.4541
1760.0000,1767.4419,-0.4664
1760.0000,1813.9535,-0.4787
1760.0000,1860.4651,-0.4909
1760.0000,1906.9767,-0.5032
1760.0000,1953.4884,-0.5155
1760.0000,2000.0000,-0.5155
1800.0000,0.0000,0.0000
1800.0000,46.5116,-0.0115
1800.0000,93.0233,-0.0231
1800.0000,139.5349,-0.0346
1800.0000,186.0465,-0.0461
1800.0000,232.5581,-0.0576
1800.0000,279.0698,-0.0692
1800.0000,325.5814,-0.0807
1800.0000,372.0930,-0.0922
1800.0000,418.6047,-0.1037
1800.0000,465.1163,-0.1153
1800.0000,511.6279,-0.1268
1800.0000,558.1395,-0.1383
1800.0000,604.6512,-0.1498
1800.0000,651.1628,-0.1614
1800.0000,697.6744,-0.1729
1800.0000,744.1860,-0.1844
1800.0000,790.6977,-0.1959
1800.0000,837.2093,-0.2075
1800.0000,883.7209,-0.2190
1800.0000,930.2326,-0.2305
1800.0000,976.7442,-0.2421
1800.0000,1023.2558,-0.2536
1800.0000,1069.7674,-0.2651
1800.0000,1116.2791,-0.2766
1800.0000,1162.7907,-0.2882
1800.0000,1209.3023,-0.2997
1800.0000,1255.8140,-0.3112
1800.0000,1302.3256,-0.3227
1800.0000,1348.8372,-0.3343
1800.0000,1395.3488,-0.3458
1800.0000,1441.8605,-0.3573
1800.0000,1488.3721,-0.3688
1800.0000,1534.8837,-0.3804
1800.0000,1581.3953,-0.3919
1800.0000,1627.9070,-0.4034
1800.0000,1674.4186,-0.4149
1800.0000,1720.9302,-0.4265
1800.0000,1767.4419,-0.4380
1800.0000,1813.9535,-0.4495
1800.0000,1860.4651,-0.4611
1800.0000,1906.9767,-0.4726
1800.0000,1953.4884,-0.4841
1800.0000,2000.0000,-0.4841
1840.0000,0.0000,0.0000
1840.0000,46.5116,-0.0108
1840.0000,93.0233,-0.0216
1840.0000,139.5349,-0.0325
1840.0000,186.0465,-0.0433
1840.0000,232.5581,-0.0541
1840.0000,279.0698,-0.0649
1840.0000,325.5814,-0.0758
1840.0000,372.0930,-0.0866
1840.0000,418.6047,-0.0974
1840.0000,465.1163,-0.1082
1840.0000,511.6279,-0.1191
1840.0000,558.1395,-0.1299
1840.0000,604.6512,-0.1407
1840.0000,651.1628,-0.1515
1840.0000,697.6744,-0.1624
1840.0000,744.1860,-0.1732
1840.0000,790.6977,-0.1840
1840.0000,837.2093,-0.1948
1840.0000,883.7209,-0.2057
1840.0000,930.2326,-0.2165
1840.0000,976.7442,-0.2273
1840.0000,1023.2558,-0.2381
1840.0000,1069.7674,-0.2490
1840.0000,1116.2791,-0.2598
1840.0000,1162.7907,-0.2706
1840.0000,1209.3023,-0.2814
1840.0000,1255.8140,-0.2923
1840.0000,1302.3256,-0.3031
1840.0000,1348.8372,-0.3139
1840.0000,1395.3488,-0.3247
1840.0000,1441.8605,-0.3356
1840.0000,1488.3721,-0.3464
1840.0000,1534.8837,-0.3572
1840.0000,1581.3953,-0.3680
1840.0000,1627.9070,-0.3789
1840.0000,1674.4186,-0.3897
1840.0000,1720.9302,-0.4005
1840.0000,1767.4419,-0.4113
1840.0000,1813.9535,-0.4222
1840.0000,1860.4651,-0.4330
1840.0000,1906.9767,-0.4438
1840.0000,1953.4884,-0.4546
1840.0000,2000.0000,-0.4546
1880.0000,0.0000,0.0000
1880.0000,46.5116,-0.0102
1880.0000,93.0233,-0.0203
1880.0000,139.5349,-0.0305
1880.0000,186.0465,-0.0407
1880.0000,232.5581,-0.0508
1880.0000,279.0698,-0.0610
1880.0000,325.5814,-0.0712
1880.0000,372.0930,-0.0813
1880.0000,418.6047,-0.0915
1880.0000,465.1163,-0.1017
1880.0000,511.6279,-0.1118
1880.0000,558.1395,-0.1220
1880.0000,604.6512,-0.1322
1880.0000,651.1628,-0.1423
1880.0000,697.6744,-0.1525
1880.0000,744.1860,-0.1627
1880.0000,790.6977,-0.1728
1880.0000,837.2093,-0.1830
1880.0000,883.7209,-0.1932
1880.0000,930.2326,-0.2033
1880.0000,976.7442,-0.2135
1880.0000,1023.2558,-0.2237
1880.0000,1069.7674,-0.2338
1880.0000,1116.2791,-0.2440
1880.0000,1162.7907,-0.2542
1880.0000,1209.3023,-0.2643
1880.0000,1255.8140,-0.2745
1880.0000,1302.3256,-0.2846
1880.0000,1348.8372,-0.2948
1880.0000,1395.3488,-0.3050
1880.0000,1441.8605,-0.3151
1880.0000,1488.3721,-0.3253
1880.0000,1534.8837,-0.3355
1880.0000,1581.3953,-0.3456
1880.0000,1627.9070,-0.3558
1880.0000,1674.4186,-0.3660
1880.0000,1720.9302,-0.3761
1880.0000,1767.4419,-0.3863
1880.0000,1813.9535,-0.3965
1880.0000,1860.4651,-0.4066
1880.0000,1906.9767,-0.4168
1880.0000,1953.4884,-0.4270
1880.0000,2000.0000,-0.4270
1920.0000,0.0000,0.0000
1920.0000,46.5116,-0.0095
1920.0000,93.0233,-0.0191
1920.0000,139.5349,-0.0286
1920.0000,186.0465,-0.0382
1920.0000,232.5581,-0.0477
1920.0000,279.0698,-0.0573
1920.0000,325.5814,-0.0668
1920.0000,372.0930,-0.0764
1920.0000,418.6047,-0.0859
1920.0000,465.1163,-0.0955
1920.0000,511.6279,-0.1050
1920.0000,558.1395,-0.1146
1920.0000,604.6512,-0.1241
1920.0000,651.1628,-0.1337
1920.0000,697.6744,-0.1432
1920.0000,744.1860,-0.1528
1920.0000,790.6977,-0.1623
1920.0000,837.2093,-0.1719
1920.0000,883.7209,-0.1814
1920.0000,930.2326,-0.1909
1920.0000,976.7442,-0.2005
1920.0000,1023.2558,-0.2100
1920.0000,1069.7674,-0.2196
1920.0000,1116.2791,-0.2291
1920.0000,1162.7907,-0.2387
1920.0000,1209.3023,-0.2482
1920.0000,1255.8140,-0.2578
1920.0000,1302.3256,-0.2673
1920.0000,1348.8372,-0.2769
1920.0000,1395.3488,-0.2864
1920.0000,1441.8605,-0.2960
1920.0000,1488.3721,-0.3055
1920.0000,1534.8837,-0.3151
1920.0000,1581.3953,-0.3246
1920.0000,1627.9070,-0.3342
1920.0000,1674.4186,-0.3437
1920.0000,1720.9302,-0.3532
1920.0000,1767.4419,-0.3628
1920.0000,1813.9535,-0.3723
1920.0000,1860.4651,-0.3819
1920.0000,1906.9767,-0.3914
1920.0000,1953.4884,-0.4010
1920.0000,2000.0000,-0.4010
1960.0000,0.0000,0.0000
1960.0000,46.5116,-0.0090
1960.0000,93.0233,-0.0179
1960.0000,139.5349,-0.0269
1960.0000,186.0465,-0.0359
1960.0000,232.5581,-0.0448
1960.0000,279.0698,-0.0538
1960.0000,325.5814,-0.0628
1960.0000,372.0930,-0.0717
1960.0000,418.6047,-0.0807
1960.0000,465.1163,-0.0897
1960.0000,511.6279,-0.0986
1960.0000,558.1395,-0.1076
1960.0000,604.6512,-0.1166
1960.0000,651.1628,-0.1255
1960.0000,697.6744,-0.1345
1960.0000,744.1860,-0.1435
1960.0000,790.6977,-0.1524
1960.0000,837.2093,-0.1614
1960.0000,883.7209,-0.1704
1960.0000,930.2326,-0.1793
1960.0000,976.7442,-0.1883
1960.0000,1023.2558,-0.1973
1960.0000,1069.7674,-0.2062
1960.0000,1116.2791,-0.2152
1960.0000,1162.7907,-0.2242
1960.0000,1209.3023,-0.2331
1960.0000,1255.8140,-0.2421
1960.0000,1302.3256,-0.2511
1960.0000,1348.8372,-0.2600
1960.0000,1395.3488,-0.2690
1960.0000,1441.8605,-0.2780
1960.0000,1488.3721,-0.2869
1960.0000,1534.8837,-0.2959
1960.0000,1581.3953,-0.3049
1960.0000,1627.9070,-0.3138
1960.0000,1674.4186,-0.3228
1960.0000,1720.9302,-0.3317
1960.0000,1767.4419,-0.3407
1960.0000,1813.9535,-0.3497
1960.0000,1860.4651,-0.3586
1960.0000,1906.9767,-0.3676
1960.0000,1953.4884,-0.3766
1960.0000,2000.0000,-0.3766
2000.0000,0.0000,0.0000
2000.0000,46.5116,-0.0090
2000.0000,93.0233,-0.0179
2000.0000,139.5349,-0.0269
2000.0000,186.0465,-0.0359
2000.0000,232.5581,-0.0448
2000.0000,279.0698,-0.0538
2000.0000,325.5814,-0.0628
2000.0000,372.0930,-0.0717
2000.0000,418.6047,-0.0807
2000.0000,465.1163,-0.0897
2000.0000,511.6279,-0.0986
2000.0000,558.1395,-0.1076
2000.0000,604.6512,-0.1166
2000.0000,651.1628,-0.1255
2000.0000,697.6744,-0.1345
2000.0000,744.1860,-0.1435
2000.0000,790.6977,-0.1524
2000.0000,837.2093,-0.1614
2000.0000,883.7209,-0.1704
2000.0000,930.2326,-0.1793
2000.0000,976.7442,-0.1883
2000.0000,1023.2558,-0.1973
2000.0000,1069.7674,-0.2062
2000.0000,1116.2791,-0.2152
2000.0000,1162.7907,-0.2242
2000.0000,1209.3023,-0.2331
2000.0000,1255.8140,-0.2421
2000.0000,1302.3256,-0.2511
2000.0000,1348.8372,-0.2600
2000.0000,1395.3488,-0.2690
2000.0000,1441.8605,-0.2780
2000.0000,1488.3721,-0.2869
2000.0000,1534.8837,-0.2959
2000.0000,1581.3953,-0.3049
2000.0000,1627.9070,-0.3138
2000.0000,1674.4186,-0.3228
2000.0000,1720.9302,-0.3317
2000.0000,1767.4419,-0.3407
2000.0000,1813.9535,-0.3497
2000.0000,1860.4651,-0.3586
2000.0000,1906.9767,-0.3676
2000.0000,1953.4884,-0.3766
2000.0000,2000.0000,-0.3766